filename,onset,offset
test_audio,0.30167800453514737,1.1272108843537414
test_audio,5.814081632653061,3.0199319727891156
test_audio,4.042630385487528,4.6932426303854875
test_audio,2.1687981859410432,6.6657142857142855
